<edif><identifier>bcdadd</identifier>
	<component><identifier>xor2</identifier>
		<interface>
			<port>
			<identifier>Result0</identifier>
			<outputport>OUTPUT</outputport>
			</port>
			<port>
			<identifier>Data0x0</identifier>
			<inputport>INPUT</inputport>
			</port>
			<port>
			<identifier>Data1x0</identifier>
			<inputport>INPUT</inputport>
			</port>
	<property type="LPM_Size"><identifier>2</identifier>
	</property>
<property type="LPM_Width"><identifier>1</identifier>
</property>
<property type="LPM_TYPE"><identifier>"LPM_XOR"</identifier>
</property>
</interface>
</component>
<component><identifier>and2</identifier>
<interface>
<port>
<identifier>Result0</identifier>
<outputport>OUTPUT</outputport>
</port>
<port>
<identifier>Data0x0</identifier>
<inputport>INPUT</inputport>
</port>
<port>
<identifier>Data1x0</identifier>
<inputport>INPUT</inputport>
</port>
<property type="LPM_Size"><identifier>2</identifier>
</property>
<property type="LPM_Width"><identifier>1</identifier>
</property>
<property type="LPM_TYPE"><identifier>"LPM_AND"</identifier>
</property>
</interface>
</component>
<component><identifier>or2</identifier>
<interface>
<port>
<identifier>Result0</identifier>
<outputport>OUTPUT</outputport>
</port>
<port>
<identifier>Data0x0</identifier>
<inputport>INPUT</inputport>
</port>
<port>
<identifier>Data1x0</identifier>
<inputport>INPUT</inputport>
</port>
<property type="LPM_Size"><identifier>2</identifier>
</property>
<property type="LPM_Width"><identifier>1</identifier>
</property>
<property type="LPM_TYPE"><identifier>"LPM_OR"</identifier>
</property>
</interface>
</component>
<component><identifier>bcdadd</identifier>
<interface>
<port>
<identifier>"a[0]"</identifier>
<rename>PORT0</rename>
<inputport>INPUT</inputport>
</port>
<port>
<identifier>"a[1]"</identifier>
<rename>PORT1</rename>
<inputport>INPUT</inputport>
</port>
<port>
<identifier>"a[2]"</identifier>
<rename>PORT2</rename>
<inputport>INPUT</inputport>
</port>
<port>
<identifier>"a[3]"</identifier>
<rename>PORT3</rename>
<inputport>INPUT</inputport>
</port>
<port>
<identifier>"b[0]"</identifier>
<rename>PORT4</rename>
<inputport>INPUT</inputport>
</port>
<port>
<identifier>"b[1]"</identifier>
<rename>PORT5</rename>
<inputport>INPUT</inputport>
</port>
<port>
<identifier>"b[2]"</identifier>
<rename>PORT6</rename>
<inputport>INPUT</inputport>
</port>
<port>
<identifier>"b[3]"</identifier>
<rename>PORT7</rename>
<inputport>INPUT</inputport>
</port>
<port>
<identifier>cin</identifier>
<inputport>INPUT</inputport>
</port>
<port>
<identifier>cout</identifier>
<outputport>OUTPUT</outputport>
</port>
<port>
<identifier>"s[0]"</identifier>
<rename>PORT10</rename>
<outputport>OUTPUT</outputport>
</port>
<port>
<identifier>"s[1]"</identifier>
<rename>PORT11</rename>
<outputport>OUTPUT</outputport>
</port>
<port>
<identifier>"s[2]"</identifier>
<rename>PORT12</rename>
<outputport>OUTPUT</outputport>
</port>
<port>
<identifier>"s[3]"</identifier>
<rename>PORT13</rename>
<outputport>OUTPUT</outputport>
</port>
</interface>
<view type="U32"><identifier>and2</identifier></view>
<view type="U31"><identifier>xor2</identifier></view>
<view type="U30"><identifier>and2</identifier></view>
<view type="U29"><identifier>xor2</identifier></view>
<view type="U28"><identifier>and2</identifier></view>
<view type="U27"><identifier>xor2</identifier></view>
<view type="U26"><identifier>or2</identifier></view>
<view type="U25"><identifier>and2</identifier></view>
<view type="U24"><identifier>xor2</identifier></view>
<view type="U23"><identifier>and2</identifier></view>
<view type="U22"><identifier>xor2</identifier></view>
<view type="U21"><identifier>and2</identifier></view>
<view type="U20"><identifier>xor2</identifier></view>
<view type="U19"><identifier>or2</identifier></view>
<view type="U18"><identifier>and2</identifier></view>
<view type="U17"><identifier>xor2</identifier></view>
<view type="U16"><identifier>and2</identifier></view>
<view type="U15"><identifier>xor2</identifier></view>
<view type="U14"><identifier>or2</identifier></view>
<view type="U13"><identifier>and2</identifier></view>
<view type="U12"><identifier>xor2</identifier></view>
<view type="U11"><identifier>and2</identifier></view>
<view type="U10"><identifier>xor2</identifier></view>
<view type="U9"><identifier>or2</identifier></view>
<view type="U8"><identifier>and2</identifier></view>
<view type="U7"><identifier>xor2</identifier></view>
<view type="U6"><identifier>and2</identifier></view>
<view type="U5"><identifier>xor2</identifier></view>
<view type="U4"><identifier>or2</identifier></view>
<view type="U3"><identifier>or2</identifier></view>
<view type="U2"><identifier>and2</identifier></view>
<view type="U1"><identifier>or2</identifier></view>
<portconnection>
<portjoin><portname>Data0x0</portname><instance>U30</instance></portjoin>
<port><portname>Data0x0</portname><instance>U29</instance></port>
<port><portname>Result0</portname><instance>U27</instance></port>
</portconnection>
<portconnection>
<portjoin><portname>Result0</portname><instance>U28</instance></portjoin>
<port><portname>Data1x0</portname><instance>U26</instance></port>
</portconnection>
<portconnection>
<portjoin><portname>Result0</portname><instance>U30</instance></portjoin>
<port><portname>Data0x0</portname><instance>U26</instance></port>
</portconnection>
<portconnection>
<portjoin><portname>Data1x0</portname><instance>U32</instance></portjoin>
<port><portname>Data1x0</portname><instance>U31</instance></port>
<port><portname>Result0</portname><instance>U26</instance></port>
</portconnection>
<portconnection>
<portjoin><portname>Data1x0</portname><instance>U30</instance></portjoin>
<port><portname>Data1x0</portname><instance>U29</instance></port>
<port><portname>Result0</portname><instance>U25</instance></port>
</portconnection>
<portconnection>
<portjoin><portname>Data0x0</portname><instance>U23</instance></portjoin>
<port><portname>Data0x0</portname><instance>U22</instance></port>
<port><portname>Result0</portname><instance>U20</instance></port>
</portconnection>
<portconnection>
<portjoin><portname>Result0</portname><instance>U21</instance></portjoin>
<port><portname>Data1x0</portname><instance>U19</instance></port>
</portconnection>
<portconnection>
<portjoin><portname>Result0</portname><instance>U23</instance></portjoin>
<port><portname>Data0x0</portname><instance>U19</instance></port>
</portconnection>
<portconnection>
<portjoin><portname>Data0x0</portname><instance>U18</instance></portjoin>
<port><portname>Data0x0</portname><instance>U17</instance></port>
<port><portname>Result0</portname><instance>U15</instance></port>
</portconnection>
<portconnection>
<portjoin><portname>Result0</portname><instance>U16</instance></portjoin>
<port><portname>Data1x0</portname><instance>U14</instance></port>
</portconnection>
<portconnection>
<portjoin><portname>Result0</portname><instance>U18</instance></portjoin>
<port><portname>Data0x0</portname><instance>U14</instance></port>
</portconnection>
<portconnection>
<portjoin><portname>Data1x0</portname><instance>U23</instance></portjoin>
<port><portname>Data1x0</portname><instance>U22</instance></port>
<port><portname>Result0</portname><instance>U14</instance></port>
</portconnection>
<portconnection>
<portjoin><portname>Data0x0</portname><instance>U13</instance></portjoin>
<port><portname>Data0x0</portname><instance>U12</instance></port>
<port><portname>Result0</portname><instance>U10</instance></port>
</portconnection>
<portconnection>
<portjoin><portname>Result0</portname><instance>U11</instance></portjoin>
<port><portname>Data1x0</portname><instance>U9</instance></port>
</portconnection>
<portconnection>
<portjoin><portname>Result0</portname><instance>U13</instance></portjoin>
<port><portname>Data0x0</portname><instance>U9</instance></port>
</portconnection>
<portconnection>
<portjoin><portname>Data1x0</portname><instance>U18</instance></portjoin>
<port><portname>Data1x0</portname><instance>U17</instance></port>
<port><portname>Result0</portname><instance>U9</instance></port>
</portconnection>
<portconnection>
<portjoin><portname>Data0x0</portname><instance>U8</instance></portjoin>
<port><portname>Data0x0</portname><instance>U7</instance></port>
<port><portname>Result0</portname><instance>U5</instance></port>
</portconnection>
<portconnection>
<portjoin><portname>Result0</portname><instance>U6</instance></portjoin>
<port><portname>Data1x0</portname><instance>U4</instance></port>
</portconnection>
<portconnection>
<portjoin><portname>Result0</portname><instance>U8</instance></portjoin>
<port><portname>Data0x0</portname><instance>U4</instance></port>
</portconnection>
<portconnection>
<portjoin><portname>Data1x0</portname><instance>U13</instance></portjoin>
<port><portname>Data1x0</portname><instance>U12</instance></port>
<port><portname>Result0</portname><instance>U4</instance></port>
</portconnection>
<portconnection>
<portjoin><portname>Result0</portname><instance>U19</instance></portjoin>
<port><portname>Data0x0</portname><instance>U3</instance></port>
</portconnection>
<portconnection>
<portjoin><portname>Data1x0</portname><instance>U28</instance></portjoin>
<port><portname>Data1x0</portname><instance>U27</instance></port>
<port><portname>Data1x0</portname><instance>U25</instance></port>
<port><portname>Data1x0</portname><instance>U24</instance></port>
<port><portname>Result0</portname><instance>U3</instance></port>
</portconnection>
<portconnection>
<portjoin><portname>Data0x0</portname><instance>U32</instance></portjoin>
<port><portname>Data0x0</portname><instance>U31</instance></port>
<port><portname>Result0</portname><instance>U22</instance></port>
<port><portname>Data0x0</portname><instance>U2</instance></port>
</portconnection>
<portconnection>
<portjoin><portname>Data1x0</portname><instance>U3</instance></portjoin>
<port><portname>Result0</portname><instance>U2</instance></port>
</portconnection>
<portconnection>
<portjoin><portname>Data0x0</portname><instance>U25</instance></portjoin>
<port><portname>Data0x0</portname><instance>U24</instance></port>
<port><portname>Result0</portname><instance>U12</instance></port>
<port><portname>Data1x0</portname><instance>U1</instance></port>
</portconnection>
<portconnection>
<portjoin><portname>Data0x0</portname><instance>U28</instance></portjoin>
<port><portname>Data0x0</portname><instance>U27</instance></port>
<port><portname>Result0</portname><instance>U17</instance></port>
<port><portname>Data0x0</portname><instance>U1</instance></port>
</portconnection>
<portconnection>
<portjoin><portname>Data1x0</portname><instance>U2</instance></portjoin>
<port><portname>Result0</portname><instance>U1</instance></port>
</portconnection>
<portconnection>
<portjoin><portname>Result0</portname><instance>U31</instance></portjoin>
<port><portname>PORT13</portname><instance></instance></port>
</portconnection>
<portconnection>
<portjoin><portname>Result0</portname><instance>U29</instance></portjoin>
<port><portname>PORT12</portname><instance></instance></port>
</portconnection>
<portconnection>
<portjoin><portname>Result0</portname><instance>U24</instance></portjoin>
<port><portname>PORT11</portname><instance></instance></port>
</portconnection>
<portconnection>
<portjoin><portname>Result0</portname><instance>U7</instance></portjoin>
<port><portname>PORT10</portname><instance></instance></port>
</portconnection>
<portconnection>
<portjoin><portname>Result0</portname><instance>U32</instance></portjoin>
<port><portname>cout</portname><instance></instance></port>
</portconnection>
<portconnection>
<portjoin><portname>Data1x0</portname><instance>U8</instance></portjoin>
<port><portname>Data1x0</portname><instance>U7</instance></port>
<port><portname>cin</portname><instance></instance></port>
</portconnection>
<portconnection>
<portjoin><portname>Data1x0</portname><instance>U21</instance></portjoin>
<port><portname>Data1x0</portname><instance>U20</instance></port>
<port><portname>PORT7</portname><instance></instance></port>
</portconnection>
<portconnection>
<portjoin><portname>Data1x0</portname><instance>U16</instance></portjoin>
<port><portname>Data1x0</portname><instance>U15</instance></port>
<port><portname>PORT6</portname><instance></instance></port>
</portconnection>
<portconnection>
<portjoin><portname>Data1x0</portname><instance>U11</instance></portjoin>
<port><portname>Data1x0</portname><instance>U10</instance></port>
<port><portname>PORT5</portname><instance></instance></port>
</portconnection>
<portconnection>
<portjoin><portname>Data1x0</portname><instance>U6</instance></portjoin>
<port><portname>Data1x0</portname><instance>U5</instance></port>
<port><portname>PORT4</portname><instance></instance></port>
</portconnection>
<portconnection>
<portjoin><portname>Data0x0</portname><instance>U21</instance></portjoin>
<port><portname>Data0x0</portname><instance>U20</instance></port>
<port><portname>PORT3</portname><instance></instance></port>
</portconnection>
<portconnection>
<portjoin><portname>Data0x0</portname><instance>U16</instance></portjoin>
<port><portname>Data0x0</portname><instance>U15</instance></port>
<port><portname>PORT2</portname><instance></instance></port>
</portconnection>
<portconnection>
<portjoin><portname>Data0x0</portname><instance>U11</instance></portjoin>
<port><portname>Data0x0</portname><instance>U10</instance></port>
<port><portname>PORT1</portname><instance></instance></port>
</portconnection>
<portconnection>
<portjoin><portname>Data0x0</portname><instance>U6</instance></portjoin>
<port><portname>Data0x0</portname><instance>U5</instance></port>
<port><portname>PORT0</portname><instance></instance></port>
</portconnection>
</component>
</edif>
