<edif><identifier>irq_bl</identifier>
	<component><identifier>FDC</identifier>
		<interface>
			<port>
			<identifier>D</identifier>
			<inputport>INPUT</inputport>
			</port>
			<port>
			<identifier>CLR</identifier>
			<inputport>INPUT</inputport>
			</port>
			<port>
			<identifier>C</identifier>
			<inputport>INPUT</inputport>
			</port>
			<port>
			<identifier>Q</identifier>
			<outputport>OUTPUT</outputport>
			</port>
		</interface>
	</component>
	<component><identifier>LUT3</identifier>
		<interface>
			<port>
			<identifier>I0</identifier>
			<inputport>INPUT</inputport>
			</port>
			<port>
			<identifier>I1</identifier>
			<inputport>INPUT</inputport>
			</port>
			<port>
			<identifier>I2</identifier>
			<inputport>INPUT</inputport>
			</port>
			<port>
			<identifier>O</identifier>
			<outputport>OUTPUT</outputport>
			</port>
		</interface>
	</component>
	<component><identifier>BUFGP</identifier>
		<interface>
			<port>
			<identifier>I</identifier>
			<inputport>INPUT</inputport>
			</port>
			<port>
			<identifier>O</identifier>
			<outputport>OUTPUT</outputport>
			</port>
		</interface>
	</component>
	<component><identifier>IBUF</identifier>
		<interface>
			<port>
			<identifier>I</identifier>
			<inputport>INPUT</inputport>
			</port>
			<port>
			<identifier>O</identifier>
			<outputport>OUTPUT</outputport>
			</port>
		</interface>
	</component>
	<component><identifier>OBUF</identifier>
		<interface>
			<port>
			<identifier>I</identifier>
			<inputport>INPUT</inputport>
			</port>
			<port>
			<identifier>O</identifier>
			<outputport>OUTPUT</outputport>
			</port>
		</interface>
	</component>
	<component><identifier>MUXF5</identifier>
		<interface>
			<port>
			<identifier>I0</identifier>
			<inputport>INPUT</inputport>
			</port>
			<port>
			<identifier>I1</identifier>
			<inputport>INPUT</inputport>
			</port>
			<port>
			<identifier>S</identifier>
			<inputport>INPUT</inputport>
			</port>
			<port>
			<identifier>O</identifier>
			<outputport>OUTPUT</outputport>
			</port>
		</interface>
	</component>
	<component><identifier>LUT2_D</identifier>
		<interface>
			<port>
			<identifier>I0</identifier>
			<inputport>INPUT</inputport>
			</port>
			<port>
			<identifier>I1</identifier>
			<inputport>INPUT</inputport>
			</port>
			<port>
			<identifier>LO</identifier>
			<outputport>OUTPUT</outputport>
			</port>
			<port>
			<identifier>O</identifier>
			<outputport>OUTPUT</outputport>
			</port>
		</interface>
	</component>
	<component><identifier>LUT4_L</identifier>
		<interface>
			<port>
			<identifier>I0</identifier>
			<inputport>INPUT</inputport>
			</port>
			<port>
			<identifier>I1</identifier>
			<inputport>INPUT</inputport>
			</port>
			<port>
			<identifier>I2</identifier>
			<inputport>INPUT</inputport>
			</port>
			<port>
			<identifier>I3</identifier>
			<inputport>INPUT</inputport>
			</port>
			<port>
			<identifier>LO</identifier>
			<outputport>OUTPUT</outputport>
			</port>
		</interface>
	</component>
	<component><identifier>LUT3_L</identifier>
		<interface>
			<port>
			<identifier>I0</identifier>
			<inputport>INPUT</inputport>
			</port>
			<port>
			<identifier>I1</identifier>
			<inputport>INPUT</inputport>
			</port>
			<port>
			<identifier>I2</identifier>
			<inputport>INPUT</inputport>
			</port>
			<port>
			<identifier>LO</identifier>
			<outputport>OUTPUT</outputport>
			</port>
		</interface>
	</component>
	<component><identifier>irq_bl</identifier>
		<interface>
			<port>
			<identifier>clk</identifier>
			<inputport>INPUT</inputport>
			</port>
			<port>
			<identifier>reset</identifier>
			<inputport>INPUT</inputport>
			</port>
			<port>
			<identifier>rd</identifier>
			<inputport>INPUT</inputport>
			</port>
			<port>
			<identifier>rq</identifier>
			<inputport>INPUT</inputport>
			</port>
			<port>
			<identifier>irq</identifier>
			<outputport>OUTPUT</outputport>
			</port>
			<port>
			<identifier>st</identifier>
			<outputport>OUTPUT</outputport>
			</port>
		</interface>
	<view type="z_FFd3_renamed_0| z_FFd3"><identifier>  FDC</identifier>	</view>
	<view type="z_FFd1_renamed_1| z_FFd1"><identifier>  FDC</identifier>	</view>
	<view type="z_FFd2_renamed_2| z_FFd2"><identifier>  FDC</identifier>	</view>
	<view type="z_Out11"><identifier>  LUT3</identifier>	</view>
<property type="INIT"><identifier>"F2"</identifier>
</property>
<view type="clk_BUFGP_renamed_3| clk_BUFGP"><identifier>  BUFGP</identifier></view>
<view type="reset_IBUF_renamed_4| reset_IBUF"><identifier>  IBUF</identifier></view>
<view type="rd_IBUF_renamed_5| rd_IBUF"><identifier>  IBUF</identifier></view>
<view type="rq_IBUF_renamed_6| rq_IBUF"><identifier>  IBUF</identifier></view>
<view type="irq_OBUF_renamed_7| irq_OBUF"><identifier>  OBUF</identifier></view>
<view type="st_OBUF_renamed_8| st_OBUF"><identifier>  OBUF</identifier></view>
<view type="z_FFd2_In1111| z_FFd2-In1111"><identifier>  MUXF5</identifier></view>
<view type="z_FFd1_In1| z_FFd1-In1"><identifier>  LUT2_D</identifier></view>
<property type="INIT"><identifier>"2"</identifier>
</property>
<view type="z_FFd1_In2| z_FFd1-In2"><identifier>  LUT4_L</identifier></view>
<property type="INIT"><identifier>"F8A8"</identifier>
</property>
<view type="z_FFd3_In1| z_FFd3-In1"><identifier>  LUT4_L</identifier></view>
<property type="INIT"><identifier>"AA02"</identifier>
</property>
<view type="z_FFd2_In1111_F| z_FFd2-In1111_F"><identifier>  LUT4_L</identifier></view>
<property type="INIT"><identifier>"5504"</identifier>
</property>
<view type="z_FFd2_In1111_G| z_FFd2-In1111_G"><identifier>  LUT3_L</identifier></view>
<property type="INIT"><identifier>"F8"</identifier>
</property>
<portconnection>
<port><portname>I</portname><instance>irq_OBUF_renamed_7</instance></port>
<port><portname>O</portname><instance>z_FFd1_In1</instance></port>
</portconnection>
<portconnection>
<port><portname>C</portname><instance>z_FFd3_renamed_0</instance></port>
<port><portname>C</portname><instance>z_FFd1_renamed_1</instance></port>
<port><portname>C</portname><instance>z_FFd2_renamed_2</instance></port>
<port><portname>O</portname><instance>clk_BUFGP_renamed_3</instance></port>
</portconnection>
<portconnection>
<port><portname>CLR</portname><instance>z_FFd3_renamed_0</instance></port>
<port><portname>CLR</portname><instance>z_FFd1_renamed_1</instance></port>
<port><portname>CLR</portname><instance>z_FFd2_renamed_2</instance></port>
<port><portname>O</portname><instance>reset_IBUF_renamed_4</instance></port>
</portconnection>
<portconnection>
<port><portname>O</portname><instance>rd_IBUF_renamed_5</instance></port>
<port><portname>I2</portname><instance>z_FFd1_In2</instance></port>
<port><portname>I0</portname><instance>z_FFd3_In1</instance></port>
<port><portname>I0</portname><instance>z_FFd2_In1111_F</instance></port>
<port><portname>I0</portname><instance>z_FFd2_In1111_G</instance></port>
</portconnection>
<portconnection>
<port><portname>O</portname><instance>rq_IBUF_renamed_6</instance></port>
<port><portname>I1</portname><instance>z_FFd1_In2</instance></port>
<port><portname>I1</portname><instance>z_FFd2_In1111_F</instance></port>
<port><portname>I1</portname><instance>z_FFd2_In1111_G</instance></port>
</portconnection>
<portconnection>
<port><portname>O</portname><instance>z_Out11</instance></port>
<port><portname>I</portname><instance>st_OBUF_renamed_8</instance></port>
</portconnection>
<portconnection>
<port><portname>Q</portname><instance>z_FFd1_renamed_1</instance></port>
<port><portname>I2</portname><instance>z_Out11</instance></port>
<port><portname>I0</portname><instance>z_FFd1_In2</instance></port>
<port><portname>I1</portname><instance>z_FFd3_In1</instance></port>
<port><portname>I2</portname><instance>z_FFd2_In1111_F</instance></port>
</portconnection>
<portconnection>
<port><portname>Q</portname><instance>z_FFd2_renamed_2</instance></port>
<port><portname>I0</portname><instance>z_Out11</instance></port>
<port><portname>I0</portname><instance>z_FFd1_In1</instance></port>
<port><portname>I2</portname><instance>z_FFd3_In1</instance></port>
<port><portname>I3</portname><instance>z_FFd2_In1111_F</instance></port>
<port><portname>I2</portname><instance>z_FFd2_In1111_G</instance></port>
</portconnection>
<portconnection>
<port><portname>Q</portname><instance>z_FFd3_renamed_0</instance></port>
<port><portname>I1</portname><instance>z_Out11</instance></port>
<port><portname>S</portname><instance>z_FFd2_In1111</instance></port>
<port><portname>I1</portname><instance>z_FFd1_In1</instance></port>
<port><portname>I3</portname><instance>z_FFd3_In1</instance></port>
</portconnection>
<portconnection>
<port><portname>D</portname><instance>z_FFd1_renamed_1</instance></port>
<port><portname>LO</portname><instance>z_FFd1_In2</instance></port>
</portconnection>
<portconnection>
<port><portname>D</portname><instance>z_FFd2_renamed_2</instance></port>
<port><portname>O</portname><instance>z_FFd2_In1111</instance></port>
</portconnection>
<portconnection>
<port><portname>D</portname><instance>z_FFd3_renamed_0</instance></port>
<port><portname>LO</portname><instance>z_FFd3_In1</instance></port>
</portconnection>
<portconnection>
<port><portname>clk</portname><instance></instance></port>
<port><portname>I</portname><instance>clk_BUFGP_renamed_3</instance></port>
</portconnection>
<portconnection>
<port><portname>reset</portname><instance></instance></port>
<port><portname>I</portname><instance>reset_IBUF_renamed_4</instance></port>
</portconnection>
<portconnection>
<port><portname>rd</portname><instance></instance></port>
<port><portname>I</portname><instance>rd_IBUF_renamed_5</instance></port>
</portconnection>
<portconnection>
<port><portname>rq</portname><instance></instance></port>
<port><portname>I</portname><instance>rq_IBUF_renamed_6</instance></port>
</portconnection>
<portconnection>
<port><portname>irq</portname><instance></instance></port>
<port><portname>O</portname><instance>irq_OBUF_renamed_7</instance></port>
</portconnection>
<portconnection>
<port><portname>st</portname><instance></instance></port>
<port><portname>O</portname><instance>st_OBUF_renamed_8</instance></port>
</portconnection>
<portconnection>
<port><portname>I0</portname><instance>z_FFd2_In1111</instance></port>
<port><portname>LO</portname><instance>z_FFd2_In1111_F</instance></port>
</portconnection>
<portconnection>
<port><portname>I1</portname><instance>z_FFd2_In1111</instance></port>
<port><portname>LO</portname><instance>z_FFd2_In1111_G</instance></port>
</portconnection>
<portconnection>
<port><portname>LO</portname><instance>z_FFd1_In1</instance></port>
<port><portname>I3</portname><instance>z_FFd1_In2</instance></port>
</portconnection>
</component>
</edif>
