<edif><identifier>ripple</identifier>
	<component><identifier>XOR2</identifier>
		<interface>
			<port>
			<identifier>I0</identifier>
			<inputport>INPUT</inputport>
			</port>
			<port>
			<identifier>I1</identifier>
			<inputport>INPUT</inputport>
			</port>
			<port>
			<identifier>O</identifier>
			<outputport>OUTPUT</outputport>
			</port>
		</interface>
	</component>
	<component><identifier>INV</identifier>
		<interface>
			<port>
			<identifier>I</identifier>
			<inputport>INPUT</inputport>
			</port>
			<port>
			<identifier>O</identifier>
			<outputport>OUTPUT</outputport>
			</port>
		</interface>
	</component>
	<component><identifier>OR2</identifier>
		<interface>
			<port>
			<identifier>I0</identifier>
			<inputport>INPUT</inputport>
			</port>
			<port>
			<identifier>I1</identifier>
			<inputport>INPUT</inputport>
			</port>
			<port>
			<identifier>O</identifier>
			<outputport>OUTPUT</outputport>
			</port>
		</interface>
	</component>
	<component><identifier>IBUF</identifier>
		<interface>
			<port>
			<identifier>I</identifier>
			<inputport>INPUT</inputport>
			</port>
			<port>
			<identifier>O</identifier>
			<outputport>OUTPUT</outputport>
			</port>
		</interface>
	</component>
	<component><identifier>OBUF</identifier>
		<interface>
			<port>
			<identifier>I</identifier>
			<inputport>INPUT</inputport>
			</port>
			<port>
			<identifier>O</identifier>
			<outputport>OUTPUT</outputport>
			</port>
		</interface>
	</component>
	<component><identifier>"LPM_XOR2_1"</identifier>
		<interface>
			<port>
			<identifier>Data<0>"</identifier>
			<inputport>INPUT</inputport>
			</port>
			<port>
			<identifier>"Data<1>"</identifier>
			<inputport>INPUT</inputport>
			</port>
			<port>
			<identifier>Result</identifier>
			<outputport>OUTPUT</outputport>
			</port>
		</interface>
	<view type="Xo<0>1"><identifier>view_1 XOR2</identifier>	</view>
		<portconnection>
		<port><portname>Data_0__</portname><instance> </instance>		</port>
		<port><portname>I0</portname><instance>Xo_0_1</instance>		</port>
		</portconnection>
		<portconnection>
		<port><portname>Data_1__</portname><instance> </instance>		</port>
		<port><portname>I1</portname><instance>Xo_0_1</instance>		</port>
		</portconnection>
		<portconnection>
		<port><portname>Result</portname><instance> </instance>		</port>
		<port><portname>O</portname><instance>Xo_0_1</instance>		</port>
		</portconnection>
	</component>
	<component><identifier>ripple</identifier>
		<interface>
			<port>
			<identifier>clk</identifier>
			<inputport>INPUT</inputport>
			</port>
			<port>
			<identifier>in0</identifier>
			<inputport>INPUT</inputport>
			</port>
			<port>
			<identifier>q0</identifier>
			<outputport>OUTPUT</outputport>
			</port>
			<port>
			<identifier>q1</identifier>
			<outputport>OUTPUT</outputport>
			</port>
			<port>
			<identifier>q2</identifier>
			<outputport>OUTPUT</outputport>
			</port>
		</interface>
	<view type="Mxor_q0"><identifier>view_1 LPM_XOR2_1_Mxor_q0</identifier>	</view>
	<view type="q111"><identifier>view_1 INV</identifier>	</view>
	<view type="q112"><identifier>view_1 INV</identifier>	</view>
	<view type="q113"><identifier>view_1 OR2</identifier>	</view>
	<view type="q211"><identifier>view_1 OR2</identifier>	</view>
	<view type="clk_IBUF"><identifier>view_1 IBUF</identifier>	</view>
	<view type="in0_IBUF"><identifier>view_1 IBUF</identifier>	</view>
	<view type="q0_OBUF"><identifier>view_1 OBUF</identifier>	</view>
	<view type="q1_OBUF"><identifier>view_1 OBUF</identifier>	</view>
	<view type="q2_OBUF"><identifier>view_1 OBUF</identifier>	</view>
		<portconnection>
		<port><portname>Data_1__</portname><instance>Mxor_q0</instance>		</port>
		<port><portname>I</portname><instance>q112</instance>		</port>
		<port><portname>I1</portname><instance>q211</instance>		</port>
		<port><portname>O</portname><instance>clk_IBUF_renamed_1</instance>		</port>
		</portconnection>
		<portconnection>
		<port><portname>Result</portname><instance>Mxor_q0</instance>		</port>
		<port><portname>I</portname><instance>q0_OBUF_renamed_3</instance>		</port>
		</portconnection>
		<portconnection>
		<port><portname>O</portname><instance>q113</instance>		</port>
		<port><portname>I</portname><instance>q1_OBUF_renamed_4</instance>		</port>
		</portconnection>
		<portconnection>
		<port><portname>O</portname><instance>q211</instance>		</port>
		<port><portname>I</portname><instance>q2_OBUF_renamed_5</instance>		</port>
		</portconnection>
		<portconnection>
		<port><portname>Data_0__</portname><instance>Mxor_q0</instance>		</port>
		<port><portname>I</portname><instance>q111_renamed_0</instance>		</port>
		<port><portname>I0</portname><instance>q211</instance>		</port>
		<port><portname>O</portname><instance>in0_IBUF_renamed_2</instance>		</port>
		</portconnection>
		<portconnection>
		<port><portname>O</portname><instance>q111_renamed_0</instance>		</port>
		<port><portname>I0</portname><instance>q113</instance>		</port>
		</portconnection>
		<portconnection>
		<port><portname>O</portname><instance>q112</instance>		</port>
		<port><portname>I1</portname><instance>q113</instance>		</port>
		</portconnection>
		<portconnection>
		<port><portname>clk</portname><instance> </instance>		</port>
		<port><portname>I</portname><instance>clk_IBUF_renamed_1</instance>		</port>
		</portconnection>
		<portconnection>
		<port><portname>in0</portname><instance> </instance>		</port>
		<port><portname>I</portname><instance>in0_IBUF_renamed_2</instance>		</port>
		</portconnection>
		<portconnection>
		<port><portname>q0</portname><instance> </instance>		</port>
		<port><portname>O</portname><instance>q0_OBUF_renamed_3</instance>		</port>
		</portconnection>
		<portconnection>
		<port><portname>q1</portname><instance> </instance>		</port>
		<port><portname>O</portname><instance>q1_OBUF_renamed_4</instance>		</port>
		</portconnection>
		<portconnection>
		<port><portname>q2</portname><instance> </instance>		</port>
		<port><portname>O</portname><instance>q2_OBUF_renamed_5</instance>		</port>
		</portconnection>
	</component>
</edif>
