<edif><identifier>ripverilog</identifier>
	<component><identifier>fd1</identifier>
		<interface>
			<port>
			<identifier>Q0</identifier>
			<outputport>OUTPUT</outputport>
			</port>
			<port>
			<identifier>Data0</identifier>
			<inputport>INPUT</inputport>
			</port>
			<port>
			<identifier>Clock</identifier>
			<inputport>INPUT</inputport>
			</port>
	<property type="LPM_Width"><identifier>1</identifier>
	</property>
<property type="LPM_Type"><identifier>"LPM_FF"</identifier>
</property>
</interface>
</component>
<component><identifier>or2</identifier>
<interface>
<port>
<identifier>Result0</identifier>
<outputport>OUTPUT</outputport>
</port>
<port>
<identifier>Data0x0</identifier>
<inputport>INPUT</inputport>
</port>
<port>
<identifier>Data1x0</identifier>
<inputport>INPUT</inputport>
</port>
<property type="LPM_Size"><identifier>2</identifier>
</property>
<property type="LPM_Width"><identifier>1</identifier>
</property>
<property type="LPM_TYPE"><identifier>"LPM_OR"</identifier>
</property>
</interface>
</component>
<component><identifier>and2</identifier>
<interface>
<port>
<identifier>Result0</identifier>
<outputport>OUTPUT</outputport>
</port>
<port>
<identifier>Data0x0</identifier>
<inputport>INPUT</inputport>
</port>
<port>
<identifier>Data1x0</identifier>
<inputport>INPUT</inputport>
</port>
<property type="LPM_Size"><identifier>2</identifier>
</property>
<property type="LPM_Width"><identifier>1</identifier>
</property>
<property type="LPM_TYPE"><identifier>"LPM_AND"</identifier>
</property>
</interface>
</component>
<component><identifier>INV</identifier>
<interface>
<port>
<identifier>Result</identifier>
<outputport>OUTPUT</outputport>
</port>
<port>
<identifier>Data</identifier>
<inputport>INPUT</inputport>
</port>
<property type="LPM_Size"><identifier>1</identifier>
</property>
<property type="LPM_Width"><identifier>1</identifier>
</property>
<property type="LPM_TYPE"><identifier>"LPM_INV"</identifier>
</property>
</interface>
</component>
<component><identifier>ripverilog</identifier>
<interface>
<port>
<identifier>clk</identifier>
<inputport>INPUT</inputport>
</port>
<port>
<identifier>z1</identifier>
<outputport>OUTPUT</outputport>
</port>
<port>
<identifier>z2</identifier>
<outputport>OUTPUT</outputport>
</port>
<port>
<identifier>z3</identifier>
<outputport>OUTPUT</outputport>
</port>
</interface>
<view type="U9"><identifier>fd1</identifier></view>
<view type="U8"><identifier>fd1</identifier></view>
<view type="U7"><identifier>and2</identifier></view>
<view type="U6"><identifier>INV</identifier></view>
<view type="U5"><identifier>or2</identifier></view>
<view type="U4"><identifier>and2</identifier></view>
<view type="U3"><identifier>INV</identifier></view>
<view type="U2"><identifier>and2</identifier></view>
<view type="U1"><identifier>INV</identifier></view>
<portconnection>
<port><portname>Clock</portname><instance>U9</instance></port>
<port><portname>Clock</portname><instance>U8</instance></port>
<port><portname>clk</portname><instance></instance></port>
</portconnection>
<portconnection>
<port><portname>Data0</portname><instance>U8</instance></port>
<port><portname>Result</portname><instance>U6</instance></port>
</portconnection>
<portconnection>
<port><portname>Data0</portname><instance>U9</instance></port>
<port><portname>Result0</portname><instance>U5</instance></port>
</portconnection>
<portconnection>
<port><portname>Data1x0</portname><instance>U5</instance></port>
<port><portname>Result0</portname><instance>U4</instance></port>
</portconnection>
<portconnection>
<port><portname>Data0x0</portname><instance>U4</instance></port>
<port><portname>Result</portname><instance>U3</instance></port>
</portconnection>
<portconnection>
<port><portname>Data0x0</portname><instance>U5</instance></port>
<port><portname>Result0</portname><instance>U2</instance></port>
</portconnection>
<portconnection>
<port><portname>Data0x0</portname><instance>U2</instance></port>
<port><portname>Result</portname><instance>U1</instance></port>
</portconnection>
<portconnection>
<port><portname>Result0</portname><instance>U7</instance></port>
<port><portname>z3</portname><instance></instance></port>
</portconnection>
<portconnection>
<port><portname>Q0</portname><instance>U9</instance></port>
<port><portname>Data1x0</portname><instance>U7</instance></port>
<port><portname>Data1x0</portname><instance>U4</instance></port>
<port><portname>Data</portname><instance>U1</instance></port>
<port><portname>z2</portname><instance></instance></port>
</portconnection>
<portconnection>
<port><portname>Q0</portname><instance>U8</instance></port>
<port><portname>Data0x0</portname><instance>U7</instance></port>
<port><portname>Data</portname><instance>U6</instance></port>
<port><portname>Data</portname><instance>U3</instance></port>
<port><portname>Data1x0</portname><instance>U2</instance></port>
<port><portname>z1</portname><instance></instance></port>
</portconnection>
</component>
</edif>
